unique_reserve,mpa_area,mpa_year_founded,mpa_isolation,mpa_compliance,Average of set_latitude,Average of set_longitude,Min of set_date,mpa_age,region_name,location_name,site,location_id,trip_year,PI,Average of depth,Average of visibility,Average of substrate_relief_mean,Average of set_productivity_2017ave,Average of hard_coral,Average of unconsolidated,Average of macroalgae,Average of soft_coral,Average of consolidated,Average of local_population_2010,Average of local_population_2015,Average of population_proporationaldifference_2010.15,Live_Coral,Shark_Protection_Status,Shark_fishing_restrictions,Shark_fishing_restrictions_cat,Shark_gears,Average of set_productivity_2017ave,Average of local_population_2010,Average of local_population_2015,Average of population_proporationaldifference_2010.15,Average of Grav_NC,Average of Grav_Total,Average of Grav_Cities,Average of Grav_NP,trip_id,Fisheries_Management
Palasar,20,2008,<20km to next reef,medium,17.51837043,-61.75866085,8/12/2016,8.942465753,Western Atlantic,Antigua and Barbuda,Palasar,115,2016,Heithaus,12.98426966,9.011235955,1.693605618,0.136990649,1.25,16.04545455,1.375,8.159090909,69.73863636,323594.9811,348588.9269,0.077240935,9.409090909,Restricted,Gear,Limited,Hook & Line; Spear; Traps; Longline,0.136401957,323943.5517,348962.052,0.07723363,0.818853842,8.5,1.636560971,0.147437475,FP_2016_AG_01,Ineffective
Ashmore,583,2004,>20km to next reef,high,-12.22433922,123.0826365,22/01/2016,12.07945205,Indian Ocean,Australia-Indian Ocean,Ashmore,85,2016,Meekan,19.42765152,9.356060606,2.136990038,0.164999435,21.65900383,33.53639847,1.398467433,3.494252874,38.76245211,0.081597572,0.081603517,7.49E-05,25.1532567,Restricted,Size; Bag; Entrants; Species,Extensive,Hook & Line,0.16499991,0.082526194,0.082531705,6.89E-05,0.260021378,1.322751323,0.219600401,8.41E-05,FP_2016_AU-I_02,Effective
Bundegi,11.86,2005,continuous,high,-21.86584586,114.1672208,14/05/2014,9.369863014,Indian Ocean,Australia-Indian Ocean,Ningaloo,85,2014,Harvey,8.238888889,2,1.2234375,0.361872727,7.875,68.4375,15.3125,0,2.0625,4963.383836,4963.66161,5.60E-05,7.875,Restricted,Size; Bag; Entrants; Species; Gear,Extensive,Hook & Line,0.361872727,4964.370915,4964.648622,5.59E-05,0.119033523,15.3125,0,2.10291029,LH_2014_AU-I_02,Effective
Cloates,447.52,2005,continuous,high,-22.71622083,113.6690833,20/08/2015,10.63835616,Indian Ocean,Australia-Indian Ocean,Ningaloo,85,2015,Harvey,10.17647059,4.818181818,3.152824242,0.315544118,28.6969697,5.878787879,19.93939394,0.606060606,44.48484848,2706.454488,2706.499064,4.88E-05,29.3030303,Restricted,Size; Bag; Entrants; Species; Gear,Extensive,Hook & Line,0.315796753,2622.940155,2622.986413,5.12E-05,0.143243964,0.214285714,0,0.005137502,LH_2015_AU-I_06,Effective
Easter,22.29,1994,continuous,high,-28.678561,113.850566,17/05/2015,21.38630137,Indian Ocean,Australia-Indian Ocean,Abrolhos,85,2015,Harvey,14.7375,4.945945946,2.392408108,0.332954546,41.75675676,6.459459459,17.83783784,0.594594595,24.97297297,66285.40138,66292.07607,0.000100696,42.35135135,Restricted,Size; Bag; Entrants; Species; Gear,Extensive,Hook & Line,0.332954546,66285.40138,66292.07607,0.000100696,3.35318646,3.425,3.418987591,0.000975402,LH_2015_AU-I_01,Effective
Lighthouse,11.86,2005,continuous,high,-21.78557045,114.156273,15/05/2014,9.37260274,Indian Ocean,Australia-Indian Ocean,Ningaloo,85,2014,Harvey,8.724137931,3.75862069,1.533355172,0.313831661,0,21.65517241,43.27586207,0.24137931,34.62068966,4898.902497,4899.173372,5.53E-05,0.24137931,Restricted,Size; Bag; Entrants; Species; Gear,Extensive,Hook & Line,0.31418911,4899.175947,4899.446774,5.53E-05,0.11746678,8.708333333,0,1.642139613,LH_2014_AU-I_02,Effective
Mandu,13.49,2005,continuous,high,-22.11807,113.86849,18/08/2015,10.63287671,Indian Ocean,Australia-Indian Ocean,Ningaloo,85,2015,Harvey,9.36,7.466666667,3.690126667,0.306702364,51,5.4,0,1.666666667,41.26666667,4907.738718,4907.988548,0.0000509,52.66666667,Restricted,Size; Bag; Entrants; Species; Gear,Extensive,Hook & Line,0.306600979,4903.760335,4904.009796,5.09E-05,0.122798807,1.615384615,0,0.546510211,LH_2015_AU-I_06,Effective
Maud,21.51,2005,continuous,high,-23.09501579,113.7359368,22/08/2015,10.64383562,Indian Ocean,Australia-Indian Ocean,Ningaloo,85,2015,Harvey,8.392,5.833333333,1.815275,0.316360728,0,37.08333333,24.5,0.5,37.625,710.2249925,710.2898231,0.000089964,0.5,Restricted,Size; Bag; Entrants; Species; Gear,Extensive,Hook & Line,0.31812512,704.6650054,704.7287775,8.92E-05,0.156914974,0,0,0.001758637,LH_2015_AU-I_06,Effective
North,2.78,1994,continuous,high,-28.332902,113.602918,22/05/2015,21.4,Indian Ocean,Australia-Indian Ocean,Abrolhos,85,2015,Harvey,9.894736842,5.611111111,2.045955556,0.387986364,11.38888889,4.555555556,57.22222222,0,26.55555556,61915.16729,61920.53962,8.68E-05,11.38888889,Restricted,Size; Bag; Entrants; Species; Gear,Extensive,Hook & Line,0.387986364,61915.16729,61920.53962,8.68E-05,2.811485664,3,2.866843259,7.10E-05,LH_2015_AU-I_01,Effective
North Monte,280,2007,continuous,high,-20.35407085,115.5081998,29/10/2014,7.830136986,Indian Ocean,Australia-Indian Ocean,Montebellos,85,2014,Harvey,10.84230769,2.818181818,1.733495455,0.88949496,1.818181818,26.59090909,11.81818182,34.95454545,22.27272727,30721.16306,30726.44841,0.000172006,36.77272727,Restricted,Size; Bag; Entrants; Species; Gear,Extensive,Hook & Line,0.891106853,30778.27296,30783.57537,0.000172238,0.091075951,0,0,0.000585084,LH_2014_AU-I_04,Effective
Osprey,95.13,2005,continuous,high,-22.27428889,113.8064444,19/08/2015,10.63561644,Indian Ocean,Australia-Indian Ocean,Ningaloo,85,2015,Harvey,8.95,7.333333333,3.996305556,0.300938435,39.88888889,3.888888889,2.5,0,52.05555556,4767.101465,4767.289906,3.86E-05,39.88888889,Restricted,Size; Bag; Entrants; Species; Gear,Extensive,Hook & Line,0.299653849,4776.71457,4776.908053,3.96E-05,0.126111363,1,0,0.025340045,LH_2015_AU-I_06,Effective
Pelican,108.64,2005,continuous,high,-23.37093846,113.7720538,22/08/2015,10.64383562,Indian Ocean,Australia-Indian Ocean,Ningaloo,85,2015,Harvey,10.16315789,7.052631579,2.451131579,0.354403828,7.789473684,5.263157895,18.94736842,0,67.78947368,662.9689426,663.0233668,8.18E-05,7.789473684,Restricted,Size; Bag; Entrants; Species; Gear,Extensive,Hook & Line,0.354479546,665.7303586,665.7852788,0.000082175,0.161479836,0,0,0.002952941,LH_2015_AU-I_06,Effective
Pelsaert,13.72,1994,continuous,high,-28.855922,114.010711,18/05/2015,21.3890411,Indian Ocean,Australia-Indian Ocean,Abrolhos,85,2015,Harvey,14.48,4.842105263,2.234765789,0.332954546,43.73684211,10.97368421,35.63157895,0,7.921052632,66919.76454,66926.4416,9.98E-05,43.73684211,Restricted,Size; Bag; Entrants; Species; Gear,Extensive,Hook & Line,0.332954546,66919.76454,66926.4416,9.98E-05,3.807781507,4,3.882308246,5.35E-05,LH_2015_AU-I_01,Effective
South Monte,280,2007,continuous,high,-20.48267886,115.5193943,29/10/2014,7.830136986,Indian Ocean,Australia-Indian Ocean,Montebellos,85,2014,Harvey,9.978082192,3.281690141,1.678453521,1.111130303,4.788732394,22.12676056,44.81690141,8.295774648,17.83098592,31890.42298,31896.0576,0.000176644,13.08450704,Restricted,Size; Bag; Entrants; Species; Gear,Extensive,Hook & Line,1.111130303,31900.01289,31905.6504,0.000176686,0.093196165,0,0,0.00182401,LH_2014_AU-I_04,Effective
South Muiron,19.29,2005,>20km to next reef,high,-21.66727245,114.3338325,14/05/2014,9.369863014,Indian Ocean,Australia-Indian Ocean,Ningaloo,85,2014,Harvey,9.657142857,4.161290323,1.873,0.359888961,3,19.51612903,6.451612903,37.09677419,33.74193548,4982.790788,4983.103566,0.00006276,40.09677419,Restricted,Size; Bag; Entrants; Species; Gear,Extensive,Hook & Line,0.359712627,4983.776031,4984.089362,6.29E-05,0.115145161,0.222222222,0,0.000469894,LH_2014_AU-I_02,Effective
Sunday Island,19.29,2005,>20km to next reef,high,-21.70238746,114.4242776,13/05/2014,9.367123288,Indian Ocean,Australia-Indian Ocean,Ningaloo,85,2014,Harvey,9.54,2.5,1.4592875,0.359095455,0,39.75,0,0,59.25,5220.136825,5220.511567,7.12E-05,0,Restricted,Size; Bag; Entrants; Species; Gear,Extensive,Hook & Line,0.359095455,5234.450645,5234.829377,7.17E-05,0.116441053,0,0,0.000349569,LH_2014_AU-I_02,Effective
Wallabi,27.44,1994,continuous,high,-28.469923,113.778878,13/05/2015,21.37534247,Indian Ocean,Australia-Indian Ocean,Abrolhos,85,2015,Harvey,14.95365854,4.052631579,1.979444737,0.370633333,22.47368421,20.02631579,31.42105263,0,25.81578947,63274.00811,63279.39172,8.51E-05,22.47368421,Restricted,Size; Bag; Entrants; Species; Gear,Extensive,Hook & Line,0.370633333,63302.09609,63307.48062,8.51E-05,3.018654633,3,3.078012245,8.81E-05,LH_2015_AU-I_01,Effective
Winderabandi,55.26,2005,continuous,high,-22.45191667,113.7074667,19/08/2015,10.63561644,Indian Ocean,Australia-Indian Ocean,Ningaloo,85,2015,Harvey,9.518181818,8.9,3.49548,0.25005124,40.8,7,1,0,50.6,4248.160522,4248.178066,4.13E-06,40.8,Restricted,Size; Bag; Entrants; Species; Gear,Extensive,Hook & Line,0.251538182,4246.864057,4246.881134,0.000004018,0.132740784,1.9,0,0.613658535,LH_2015_AU-I_06,Effective
Balls Pyramid,856.5,2004,<20km to next reef,high,-31.79475968,159.2624991,27/04/2013,9.326027397,Pacific,Australia-Pacific,Lord Howe,73,2013,Heupel,34.259375,10,1.824028125,0.181074545,9.34375,24.1875,1.46875,12.4375,51.1875,499.7960972,499.9230837,0.000254077,21.78125,Restricted,Gear; Species; Bag,Moderate,Hook & Line,0.181074545,499.7960972,499.9230837,0.000254077,0.107324457,0,0,0.031271439,HE_2013_AU-P_01,Effective
East Coast,226.7,2004,<20km to next reef,high,-31.55057635,159.1752656,22/04/2013,9.312328767,Pacific,Australia-Pacific,Lord Howe,73,2013,Heupel,32.76862745,9.882352941,1.53457451,0.174988779,1.529411765,15.15686275,13.03921569,2.529411765,65.49019608,499.7960972,499.9230837,0.000254077,4.058823529,Restricted,Gear; Bag; Species,Moderate,Hook & Line,0.175003182,499.7960972,499.9230837,0.000254077,0.107033873,0,0,0.024079049,HE_2013_AU-P_01,Effective
MNP-11-1004,31769.3,2004,<20km to next reef,high,-12.29227635,143.8665837,15/11/2016,12.88219178,Pacific,Australia-Pacific,North GBR,73,2016,Heupel,17.75355556,6,2.086124176,0.264561667,31.97560976,21.18292683,4.481707317,10.54878049,29.65853659,1201.694944,1201.879333,0.000104476,0,Restricted,Species; Bag; Entrants; Gear; Area,Extensive,Hook & Line,0.264624357,1151.885015,1152.046836,0.000101582,0.010384728,0,0.140351594,8.06E-05,FP_2016_AU-P_04,Effective
MNP-13-1019,555.7,2004,<20km to next reef,high,-13.90569535,144.2211288,23/11/2016,12.90410959,Pacific,Australia-Pacific,North GBR,73,2016,Heupel,14.6852071,4.914529915,0.802176316,0.142350899,4.578947368,35.94736842,8.140350877,2.754385965,42.28070175,622.0472083,622.1026035,8.91E-05,7.649122807,Restricted,Species; Bag; Entrants; Gear; Area,Extensive,Hook & Line; Drumline; Trawl;,0.142355027,621.9626864,622.0180741,8.91E-05,0.384211818,0.059405941,0.384211818,8.57E-05,FP_2016_AU-P_04,Effective
MNP-18-1081,831.4,2004,<20km to next reef,high,-18.58072308,147.572776,27/01/2016,12.07945205,Pacific,Australia-Pacific,Mid GBR,73,2016,Heupel,15.00211268,8.648484848,2.320679755,0.523355066,31.97560976,21.18292683,4.481707317,10.54878049,29.65853659,261253.7034,261287.1302,0.000127902,42.55487805,Restricted,Species; Bag; Entrants; Gear; Area,Extensive,Hook & Line,0.535292773,261720.105,261753.6202,0.000128015,1.235548863,2,1.5982677,0.001684168,FP_2016_AU-P_03,Effective
MNP-18-1084,17.3,2004,<20km to next reef,high,-18.62412095,147.2962653,25/01/2016,12.0739726,Pacific,Australia-Pacific,Mid GBR,73,2016,Heupel,15.552,8.527472527,2.086124176,0.332210274,34.27472527,24.43956044,0,7.791208791,32.59340659,271330.43,271363.0766,0.000120307,42.06593407,Restricted,Species; Bag; Entrants; Gear; Area,Extensive,Hook & Line; Drumline; Trawl;,0.332441684,271361.231,271393.8822,0.000120311,1.746236497,3.669491525,2.558651811,7.78E-05,FP_2016_AU-P_03,Effective
MNP-23-1164,52.3,2004,<20km to next reef,high,-23.48925259,152.0676326,16/06/2018,14.46575342,Pacific,Australia-Pacific,South GBR,73,2018,Heupel,14.84814815,9,1,0.260442424,0,0,100,0,0,229894.4166,229924.0934,0.000129089,0,Restricted,Species; Bag; Entrants; Gear; Area,Extensive,Hook & Line; Drumline; Trawl;,0.260442424,229912.1753,229941.7172,0.000128493,0.379879838,5.418604651,2.125378518,2.03E-05,FP_2018_AU-P_02,Effective
SR-18-2007,17,2004,<20km to next reef,high,-18.59618067,146.4840653,26/04/2018,14.3260274,Pacific,Australia-Pacific,Mid GBR,73,2018,Heupel,13.60344828,3.689655172,1.39257931,0.359013636,5.068965517,16.89655172,0,16.34482759,57.34482759,288127.7154,288162.2995,0.000120031,21.4137931,Restricted,Size; Bag; Entrants; Species; Gear,Extensive,Hook & Line; Gillnet,0.359013636,288127.7154,288162.2995,0.000120031,3.633642009,8.034482759,5.179816521,0.000551813,FP_2018_AU-P_01,Effective
Conception,109.8,1964,>20km to next reef,medium,23.82183578,-75.11207156,10/05/2016,52.39178082,Western Atlantic,Bahamas,Conception,3,2016,Chapman,10.80326531,9.092783505,0.339362887,0.2472417,0,64.60824742,1.804123711,8.773195876,24.26804124,14106.94502,17072.79853,0.203811857,8.773195876,Closed,Area; Gear; Species,Moderate,Hook & Line,0.232377593,14123.81219,17119.94173,0.20715915,0.433931077,4.64,1.798865237,0.244352675,FP_2016_BS_03,Effective
Exuma Cays,455.8,1986,continuous,high,24.43019798,-76.64792289,6/01/2015,29.03287671,Western Atlantic,Bahamas,Exuma Cays,3,2015,Chapman,13.62176871,9.340136054,0.847670748,0.406262157,0,55.79591837,2.761904762,20.14965986,18.03401361,274617.5211,296830.3365,0.109896802,20.14965986,Closed,Area; Gear; Species,Moderate,Hook & Line,0.426857317,256105.6196,276983.9793,0.115406819,3.761792041,9.430107527,5.416338197,0.005847995,FP_2015_BS_01,Effective
Caye Caulker,15.45,1998,continuous,high,17.7070037,-88.00565109,19/04/2013,15.30684932,Western Atlantic,Belize,Belize,1,2013,Chapman,7.654581006,6.622222222,1.866944444,0.307028569,0,37.31111111,0,44.02222222,17.86666667,619005.4745,705754.9086,0.141661197,44.02222222,Restricted,Temporal; Entrants; Species,Moderate,Hook & Line; Drumline; Longline; Seine; Gillnet; Spear; Trap,0.306119686,617090.1151,703438.6589,0.141430309,4.977566137,77.73291925,24.25100361,0.04286216,LC_2013_BZ_01,Effective
Glover's Reef,70,1993,continuous,high,16.8561169,-87.95984042,12/06/2013,20.45753425,Western Atlantic,Belize,Belize,1,2013,Chapman,12.06170455,7.43902439,1.8213,0.396181155,0.170731707,30.97560976,0.804878049,43.34146341,24,461899.783,534450.717,0.156557733,43.51219512,Restricted,Temporal; Entrants; Species,Moderate,Hook & Line; Drumline; Longline; Seine; Gillnet; Spear; Trap,0.395790667,458153.4608,529437.8631,0.155105671,3.229416297,78.48,22.17080582,0.004715879,LC_2013_BZ_01,Effective
Halfmoon Cay,41.2,1982,continuous,high,17.20029208,-87.54291585,4/11/2015,33.8630137,Western Atlantic,Belize,Belize,1,2015,Chapman,14.04597701,7.574712644,1.514617241,0.258115039,0,36.59770115,0,39.35632184,11.64367816,350655.1769,401291.2578,0.144530451,39.35632184,Restricted,Temporal; Entrants; Species,Moderate,Hook & Line; Drumline; Longline; Seine; Gillnet; Spear; Trap,0.249654167,350953.7557,401510.5395,0.14418879,1.330294474,49.52380952,13.28187925,0.000115649,FP_2015_BZ_01,Effective
Abrolhos,913,1983,<20km to next reef,high,-17.96898243,-38.70319914,23/01/2018,35.08493151,Western Atlantic,Brazil,Abrolhos,75,2018,Chapman,14.56451613,4.387096774,1.212001695,0.32036,1.9,28.08333333,35.21666667,1.666666667,24.65,620057.3729,669802.8831,0.080361873,3.738095238,Restricted,Species,Limited,Hook & Line; Drumline; Longline; Seine; Gillnet; Trawl; Spear; Trap,0.32036,620057.3729,669802.8831,0.080361873,0.637553921,22.32258065,0.637553921,0.067485128,FP_2018_BR_01,Ineffective
Fernando,112.7,1988,continuous,high,-3.835548906,-32.42236304,21/07/2017,29.57260274,Western Atlantic,Brazil,Fernando,75,2017,Chapman,17.97125,7.87804878,2.032653659,0.116371818,0.682926829,42.92682927,5.073170732,0,51.17073171,3761.071986,4257.593212,0.132015879,0,Restricted,Species; Gear,Moderate,Hook & Line,0.116371818,3761.071986,4257.593212,0.132015879,0.612382124,26,0.984994237,1.406659762,FP_2015_BS_02,Effective
Corals Rosario and San Bernardo,1200,1985,<20km to next reef,medium,10.20705827,-75.74709158,23/09/2016,31.74794521,Western Atlantic,Colombia,Colombia,109,2016,Heithaus,12.30792079,6.689119171,2.235215625,0.20287842,32.48186528,34.08290155,0.896373057,7.243523316,21.86528497,4968929.414,5614596.1,0.129195284,39.7253886,Restricted,Gear,Limited,Hook & Line; Spear; Trap; Gillnet; Seine; Longline; Cyanide; Blast,0.202870862,4966150.103,5611162.266,0.129133794,45.42043093,203.3366834,103.3073331,0.002604614,FP_2016_CO_01,Ineffective
Santo Domingo,26,1986,>20km to next reef,medium,18.4252,-69.68394425,14/07/2017,31.55342466,Western Atlantic,Dominican Republic,Dominican Republic,122,2017,Heithaus,16.30952381,9.049180328,1.572646667,1.072729894,5.672131148,44.72131148,1.967213115,11.04918033,32.01639344,9363110.218,10695357.8,0.142298832,16.72131148,Closed,Area,Limited,Hook & Line; Gillnet; Longline; Trawl; Seine,1.072729894,9363110.218,10695357.8,0.142298832,2439.789867,2804.833333,2644.560467,29.61256536,FP_2017_DR_01,None
Curacao,6,1987,continuous,medium,12.04205761,-68.79161392,24/10/2016,29.83287671,Western Atlantic,Dutch Caribbean,Curacao,110,2016,Heithaus,33.4,9.318584071,2.366230556,0.228425169,8.37962963,29.37037037,0,27.03703704,31.9537037,1066763.572,1166106.434,0.093129473,35.41666667,Restricted,Size,Limited,Hook & Line; Gillnet; Trawl; Trap; Seine,0.228926179,1066946.681,1166313.409,0.093135994,578.5310915,737.0540541,609.1429559,80.75150218,FP_2016_DC_01,Ineffective
Dutch Reserve,31,2011,>20km to next reef,medium,17.98310463,-63.05164074,16/03/2015,4.205479452,Western Atlantic,Dutch Caribbean,Saba,110,2015,Heithaus,28.9,9.213333333,1.538881944,0.145184735,0,40.80555556,3.888888889,5.652777778,13.61111111,266267.853,284685.9319,0.069438034,5.652777778,Closed,Area,Limited,Hook & Line; Trap,0.145184735,266267.853,284685.9319,0.069438034,0.366521069,147.25,1.902514897,3.865432027,L_2015_DC_01,None
North Eustatius,27.3,1996,continuous,medium,17.51766146,-63.01288229,26/03/2013,17.24383562,Western Atlantic,Dutch Caribbean,Saba,110,2018,Heithaus,17.6,9.294117647,2.255626667,0.16171875,3.733333333,42.26666667,0,34.46666667,17.5,347852.3533,373466.871,0.073737224,38.2,Restricted,Gear,Limited,Hook & Line; Spear; Trap,0.16171875,347852.3533,373466.871,0.073737224,2.971368888,19.38235294,4.329508357,0.040466192,L_2013_DC_01,Effective
Saba,6,1999,>20km to next reef,high,17.62310167,-63.259065,24/07/2012,13.56986301,Western Atlantic,Dutch Caribbean,Saba,110,2012,Heithaus,24.3,9.35,2.349542667,0.150580729,0.306666667,45.41333333,0,19.74666667,29.85333333,357962.822,379029.2719,0.058810341,20.05333333,Closed,Area,Limited,None,0.150580729,357962.822,379029.2719,0.058810341,0.58984722,11.01086957,2.029046276,0.00238087,L_2012_DC_01,None
South Eustatius,27.3,1996,continuous,medium,17.46321667,-62.97785753,4/03/2013,17.18356164,Western Atlantic,Dutch Caribbean,Saba,110,2018,Heithaus,17,9.333333333,2.532764706,0.16171875,0.104477612,20.97014925,0,39.20895522,36.34328358,342694.3274,368430.5523,0.075111322,39.31343284,Restricted,Gear,Limited,Hook & Line; Spear; Trap,0.16171875,342694.3274,368430.5523,0.075111322,3.912894042,22.8,5.258294721,0.122830759,L_2013_DC_01,Effective
St Maarten French,29,1998,<20km to next reef,medium,18.08713205,-63.00862692,4/03/2015,17.18082192,Western Atlantic,Dutch Caribbean,Saba,110,2015,Heithaus,22.47,7.719512195,1.683730769,0.139113715,0,30.81818182,3.194805195,3.584415584,28.49350649,246537.2813,265639.935,0.078246959,3.584415584,Restricted,Gear; Species; Bag,Moderate,Longline; Gillnet; Spear; Hook & Line; Seine; Trap,0.139113715,246537.2813,265639.935,0.078246959,0.68087315,99.2,2.210457008,1.700128542,L_2015_DC_01,Effective
Namena,60.6,1997,continuous,medium,-17.09424101,179.0959101,17/05/2016,19.38630137,Pacific,Fiji,Kubulau,68,2016,Harvey,16.16216216,8.783333333,3.191591379,0.382195258,28.63793103,17.31034483,0,0.603448276,51.67241379,382409.8485,387143.6009,0.012258114,29.24137931,Restricted,Area; Entrants; Species,Moderate,Hook & Line; Drumline; Longline; Gillnet,0.382526818,381173.5415,385803.5892,0.012009292,0.683814538,7.25,0.683814538,0.015364659,FP_2016_FJ_01,Effective
Namuri,4.25,2005,continuous,low,-16.943215,179.06118,21/05/2016,11.39178082,Pacific,Fiji,Kubulau,68,2016,Harvey,13.69230769,8.8,3.27986,0.344613007,44.6,0,0,0,53.2,299210.8839,299207.5383,-3.48E-05,44.6,Closed,Area; Entrants; Species,Moderate,Hook & Line; Drumline; Longline; Gillnet,0.347298637,298492.1252,298452.0619,-0.000156045,0.505344782,10,0.505344782,0.041539418,FP_2016_FJ_02,Effective
Nasue,8.14,2005,continuous,low,-16.85529318,179.0954268,21/05/2016,11.39178082,Pacific,Fiji,Kubulau,68,2016,Harvey,16.79310345,6,2.4954,0.317201065,36.23076923,28.80769231,0,0,30.65384615,265623.516,264173.6224,-0.005526333,37.36,Closed,Area; Entrants; Species,Moderate,Hook & Line; Drumline; Longline; Gillnet,0.316109527,266026.6239,264589.2172,-0.005466417,0.457566294,10.64,0.457566294,0.177500086,FP_2016_FJ_02,Effective
Tetaiuo,1.08,2007,continuous,high,-17.53082857,-149.9199411,18/11/2016,9.887671233,Pacific,French Polynesia,Moorea,92,2016,Heithaus,16.625,10,4.014987324,0.054785606,83.16901408,0,0,0,16.53521127,285122.4938,303873.8044,0.065765797,83.16901408,Closed,Area,Extensive,Trap; Longline; Hook & Line,0.054785606,285110.5301,303860.7409,0.065764699,3.537386672,36.24,3.537386672,0.110519444,FP_2016_PF_01,Effective
Tiahura,3.1,2007,continuous,medium,-17.48301313,-149.90264,16/11/2016,9.882191781,Pacific,French Polynesia,Moorea,92,2016,Heithaus,13.55140187,9.5,3.877837097,0.054785606,81.56451613,4,0,0,13.62903226,285928.3281,304734.2066,0.065771319,81.56451613,Closed,Area,Extensive,Trap; Longline; Hook & Line,0.054785606,285992.702,304802.7079,0.065770948,4.581214809,60.15873016,4.581214809,0.73322253,FP_2016_PF_01,Effective
Petit Terre,10,1998,>20km to next reef,high,16.19340197,-61.1313828,8/04/2016,18.27945205,Western Atlantic,French West Indies,Petit Terre,79,2016,Heithaus,12.89111111,8.62295082,2.660498361,0.135813515,3.37704918,18.59016393,23.19672131,17.03278689,36.16393443,686358.319,707287.927,0.030284383,20.40983607,Restricted,Gear; Species; Bag,Moderate,Longline; Gillnet; Spear; Hook & Line; Seine; Trap,0.135857356,686699.8862,707675.1141,0.030335699,1.230622792,124.6516854,2.583068929,3.158983003,FP_2016_FR_01,Effective
Gili Matra,3,2007,<20km to next reef,low,-8.342193976,116.0305355,8/09/2016,9.693150685,Coral Triangle,Indonesia,Gili Matra,93,2016,Heithaus,8.382352941,7.586666667,0.901792,0.188713957,23.24,18.16,0,2.32,55.93333333,507679.2129,594072.6921,0.340410759,25.56,Restricted,Gear,Limited,Spear; Hook & Line; Seine; Trap,0.185781969,440088.4207,520035.0799,0.341946984,47.73145179,282.4900662,57.30594494,0.726227255,FP_2017_ID_03,Ineffective
Kapoposang 1,100,2009,<20km to next reef,low,-4.713769445,118.9408889,6/04/2016,7.265753425,Coral Triangle,Indonesia,Kapoposang,93,2016,Simpfendorfer,16.3,8.8,1.405451899,0.776688031,20.10126582,34.02531646,0,8.898734177,33.78481013,7006626.598,7567247.483,0.080032144,29,Restricted,Area,Limited,Spear; Hook & Line,0.776688031,7001054.81,7561412.073,0.080058444,7.003126091,101.78125,7.811969055,0.000340359,FP_2016_ID_01,None
Kapoposang 2,100,2009,<20km to next reef,low,-4.653546297,119.1305241,11/04/2016,7.279452055,Coral Triangle,Indonesia,Kapoposang,93,2016,Simpfendorfer,15.01027397,8.661971831,1.480887943,0.698257746,29.63120567,34.33333333,1.425531915,5.602836879,25.46099291,6930028.471,7482480.685,0.07971176,35.23404255,Restricted,Area,Limited,Spear; Hook & Line,0.695034865,6925621.141,7477662.589,0.079703135,7.787076426,116.6507937,8.919293153,0.000276117,FP_2016_ID_01,None
Kisite,28,1973,<20km to next reef,high,-4.722915455,39.34794286,1/12/2017,44.94520548,Indian Ocean,Kenya,Kisite,107,2017,Meekan,18.37560976,8.9,1.5901475,0.218191919,8.525,37.975,25.675,5.825,14,5467960.301,6118989.504,0.119062439,14.35,Restricted,Gear; Species,Moderate,Hook & Line,0.218191919,5468625.591,6119738.72,0.119063299,61.39868443,289.4358974,109.0032416,0.032033888,FP_2017_KE_01,Ineffective
Tanikely,1.01,2010,<20km to next reef,high,-13.48293178,48.23497209,19/05/2016,6.383561644,Indian Ocean,Madagascar,Tanikely,97,2016,Heithaus,18.28924731,7.674418605,2.260446512,0.126477273,11.11627907,61.79069767,0,6.418604651,18.88372093,892413.8076,1115302.503,0.250094596,8,Restricted,Gear,Limited,Spear; Hook & Line; Seine; Trap,0.126477273,855228.8034,1070729.76,0.252211372,0.703512628,59.68253968,1.214783319,0.306392647,FP_2016_MG_01,Ineffective
Bazaruto,1430,2001,continuous,low,-21.53956912,35.49372786,12/08/2016,15.62191781,Indian Ocean,Mozambique,Bazaruto,69,2016,Meekan,16.12380952,9.855421687,1.506359036,0.21050818,15.13253012,32.42168675,5.879518072,0.638554217,41.57831325,380350.4541,412790.9038,0.08539146,15.77108434,Restricted,Species,Limited,Hook & Line; Seine,0.210909662,380263.803,412665.8025,0.085315874,0.504029729,26.98550725,4.614949248,0.00139151,FP_2016_MZ_01,Ineffective
Apo,34,2007,<20km to next reef,medium,12.67387734,120.4580086,16/01/2016,9.046575342,Coral Triangle,Philippines,Apo,74,2016,Simpfendorfer,17.53263158,6.936842105,0.931065263,0.178489481,19.36842105,38.21052632,1.042105263,3.736842105,37.34736842,2177680.737,2441516.48,0.122067971,23.10526316,Restricted,Species,Limited,Hook & Line; Longline; Drumline; Gillnet; Spear; Trap,0.178551116,2180889.977,2444842.348,0.121948052,48.07530156,248.032967,60.49660375,0.217628828,FP_2016_PH_01,Ineffective
Tubbataha,970.3,1988,>20km to next reef,high,8.787675506,119.7944075,15/04/2016,28.30684932,Coral Triangle,Philippines,Tubbataha,74,2016,Simpfendorfer,13.66201117,8.545977011,1.729392442,0.177971199,29.82758621,29.83908046,1.408045977,8.166666667,26.67816092,456398.0629,481638.3008,0.098346686,37.99425287,Restricted,Species,Limited,Hook & Line; Longline; Drumline; Gillnet; Spear; Trap,0.180171452,531041.192,558752.4434,0.09201328,0.3031365,39.81756757,0,0.653416826,FP_2016_PH_01,Ineffective
iSimangaliso,80,1998,continuous,medium,-27.78474575,32.62824574,9/11/2016,18.86849315,Indian Ocean,South Africa,iSimangaliso,106,2016,Meekan,29.2044586,9.051282051,1.844982051,0.168731036,10.90384615,44.1025641,6.185897436,2.608974359,34.33974359,1838833.634,1878440.209,0.021500327,13.51282051,Restricted,Species,Limited,Hook & Line,0.169955478,1845241.958,1885021.938,0.021513193,0.208306601,199,79.47913036,0.004547889,FP_2016_ZA_01,Ineffective
Pigeon Island,4.71,2003,<20km to next reef,medium,8.718261353,81.2048888,28/04/2017,14.33150685,Indian Ocean,Sri Lanka,Pigeon Island,81,2017,Meekan,8.584761905,8.144230769,1.754936538,0.33450625,13.27884615,29.53846154,0,14.27884615,42.28846154,3293042.139,3359844.853,0.020275097,27.55769231,Closed,Area,Limited,Unknown,0.33450625,3293042.139,3359844.853,0.020275097,222.5679946,767,246.3920065,0.068227466,FP_2017_LK_02,None
Buccoo,5.85,1973,continuous,medium,11.18440733,-60.8373121,5/11/2016,43.8739726,Western Atlantic,Trinidad and Tobago,Buccoo,11,2016,Chapman,13.05479452,5.219178082,0.959698611,2.773316496,3.888888889,40.34722222,1.805555556,14.75,36.95833333,1376114.83,1412930.044,0.026753935,18.63888889,Open,Area,Limited,Hook & Line; Drumline; Longline; Seine; Gllnet; Spear; Trap,2.773898493,1374002.477,1410789.62,0.026773156,0.691844669,77.37313433,4.516163307,0.303237386,FP_2016_TT_04,None
Hawaii,360000,2006,>20km to next reef,high,25.94340302,171.6365295,11/09/2017,11.70136986,Pacific,USA-Pacific,Hawaii,66,2017,Heupel,18.132,8.878612717,2.062013095,0.065906882,16.25595238,18.64880952,1.547619048,0.178571429,63.14880952,130312.4843,145410.3098,0.058922387,16.43452381,Restricted,Species; Bag,Moderate,Hook & Line; Longline; Drumline,0.065912614,142529.2797,159042.5263,0.064446361,0.882138631,294.525,1.413401381,12.09483298,FP_2017_US-P_02,Effective
Sipadan,4,2004,>20km to next reef,low,4.115229166,118.62952,9/12/2015,11.92,Coral Triangle,Malaysia,Semporna South,100,2015,Simpfendorfer,24.5175,8.25,2.407794872,0.217756818,29.87179487,6.205128205,0,29.48717949,31.79487179,1141914.013,1324145.766,0.159574536,28.09649123,Closed,Area,Limited,Spear; Hook & Line,0.217756818,1141914.013,1324145.766,0.159574536,0.295782321,22.57142857,0.322149769,0.001205644,FP_2015_MY_01_SSS_016,Ineffective
Techobanine,74,2009,continuous,medium,-26.6211375,32.91145417,1/06/2017,7.88,Indian Ocean,Mozambique,Southern Mozambique,69,2017,Meekan,19.6125,8.5,2.614771429,0.1865,22,13.125,0.75,13.125,50.25,4062464.998,4503552.103,0.108448269,35.125,Closed,Species; Gear,Extensive,Hook & Line,0.1865,4062464.998,4503552.103,0.108448269,34.20799299,152,63.5737114,0.001024482,FP_2017_ZA_01,Effective
Bird Cay,15.5,2012,>20km to next reef,medium,16.99517614,-77.80689636,9/05/2017,5.35,Western Atlantic,Jamaica,Pedro Bank,7,2017,Chapman,10.72,8.227272727,3.022454545,0.10473346,5,27.5,0.909090909,41.18181818,24.45454545,74385.03462,75563.27949,0.015917409,46.18,Open,Area,Limited,Hook & Line; Drumline; Longline; Seine; Gillnet; Trawl; Spear; Trap,0.10473346,74385.03462,75563.27949,0.015917409,0.059787274,15.64,8.314234262,0.000018844,FP_2017_JM_01,Ineffective
Jardines de la Reina,950,1996,>20km to next reef,high,20.79488311,-78.92016242,21/04/2018,22.3,Western Atlantic,Cuba,Jardines de la Reina,2,2018,Chapman,24.76842105,8.649122807,2.820087719,0.557309998,7.350877193,29.05263158,0.649122807,33.8245614,26.05263158,1203012.065,1197294.375,-0.005786781,41.1754386,Closed,Area,Extensive,None,0.557309998,1203012.065,1197294.375,-0.005786781,3.370466693,33.49152542,18.40497248,0.010494079,FP_2018_CU_01,Ineffective
Ngeruangel,35,1996,<20km to next reef,high,8.173625874,134.6293075,31/05/2016,20.4,Pacific,Palau,Palau North,88,2016,Heupel,16.85747126,8.597701149,1.461485882,0.079551531,24.67058824,17.36470588,3.823529412,2.305882353,47.82352941,17196.88031,20728.69339,0.207711186,26.97647059,Closed,Area,Extensive,None,0.079551531,17196.88031,20728.69339,0.207711186,0.088017144,0.034482759,0.088017144,0.010928826,FP_2016_PW_01,Effective
Oracabessa,0.84,2010,continuous,high,18.41167906,-76.94646864,29/11/2017,7.8,Western Atlantic,Jamaica,Jamaica,7,2017,Chapman,11.8,9,0.7273,0.094974584,0,70,20,0,10,3797151.511,3862187.818,0.017127657,0,Open,NA,Limited,Hook & Line; Drumline; Longline; Seine; Gillnet; Trawl; Spear; Trap,0.094974584,3797151.511,3862187.818,0.017127657,12.71521601,377.8235294,148.1113472,8.434920586,FP_2017_JM_02,Ineffective
Sandals Boscobel,0.99,2010,continuous,high,18.41046466,-76.9845927,30/11/2017,7.8,Western Atlantic,Jamaica,Jamaica,7,2017,Chapman,8.05,9.25,1.522775,0.094974584,27.25,33.75,0,0,38.25,3797151.511,3862187.818,0.017127657,27.25,Open,NA,Limited,Hook & Line; Drumline; Longline; Seine; Gillnet; Trawl; Spear; Trap,0.094974584,3797151.511,3862187.818,0.017127657,12.71521601,377.8235294,148.1113472,8.434920586,FP_2017_JM_02,Ineffective
